{"SGDClassifier": [0.33248079196693203, 0.3590468367137458], "GradientBoostingClassifier": [0.710183323719696, 0.7122954789931877], "RandomForestClassifier": [0.76630873503414, 0.7621558069832386], "LGBMClassifier": [0.7776016374172732, 0.7777611819511739], "XGBClassifier": [0.7145690920590505, 0.7175973181182661], "CatBoostClassifier": [0.7162064254763207, 0.7213276301212798]}