{"SGDClassifier": [0.4394365219278519, 0.40909396756524596], "GradientBoostingClassifier": [0.5530776725909593, 0.5882705733000795], "RandomForestClassifier": [0.7195025235774265, 0.7386842542468415], "LGBMClassifier": [0.7371036668605967, 0.7536998129402196], "XGBClassifier": [0.6183269510160485, 0.6389933497936617], "CatBoostClassifier": [0.62025752196643, 0.645123976047631]}