{"SGDClassifier": [0.43494967128540213, 0.4394365219278519], "GradientBoostingClassifier": [0.5875697192226178, 0.5523238215561964], "RandomForestClassifier": [0.7390303944066823, 0.7198620699598817], "LGBMClassifier": [0.7535735497832563, 0.7372237963239576], "XGBClassifier": [0.641247711694636, 0.6184951444429376], "CatBoostClassifier": [0.6444532391062732, 0.6199365516023153]}