{"random_state": 17, "n_jobs": -1, "class_weight": {"0": 0.5522967987116455, "1": 5.28040733197556}, "learning_rate": 0.1, "n_estimators": 150, "num_leaves": 23}