{"random_state": 17, "n_jobs": -1, "class_weight": {"0": 0.5522967987116455, "1": 5.28040733197556}, "min_samples_leaf": 7, "n_estimators": 75}